model_name,mAP50,mAP50_95,micro_precision,micro_recall,micro_f1,macro_precision,macro_recall,macro_f1,count_mae,count_rmse,count_bias
YOLOv8-final,0.9920372011540731,0.5597971152055209,0.9686162624821684,0.9404432132963989,0.9543218552354182,0.9644763561613907,0.9637932414286958,0.9628281604133789,4.5,9.534149149242422,-2.1
FasterRCNN-manual,0.9881254751456968,0.7575269000018873,0.9517906336088154,0.9570637119113573,0.9544198895027625,0.9357255686784944,0.9710572678166974,0.9518962269405427,2.8,4.219004621945797,0.4
YOLOv8-basic,0.9624696089948344,0.7413366839269002,0.9509954058192955,0.8601108033240997,0.9032727272727273,0.9539209908103828,0.9198144102904365,0.9231365194315273,9.3,24.821361767638777,-6.9
FasterRCNN-baseline,0.9282421118316838,0.7037869501925075,0.8350071736011477,0.8060941828254847,0.8202959830866806,0.8600722325802161,0.8835523166745418,0.860351517971273,4.3,6.700746227100382,-2.5
